{
  "DailyStatistics": {
    "Time": [
      "03-Sep-2025",
      "05-Sep-2025",
      "08-Sep-2025",
      "09-Sep-2025",
      "10-Sep-2025",
      "11-Sep-2025"
    ],
    "RigID": [
      "DR154",
      "DR154",
      "DR154",
      "DR154",
      "DR154",
      "DR154"
    ],
    "Piles": [
      0,
      0,
      3,
      18,
      20,
      20
    ],
    "sum_DrillTime": [
      "00:00:00",
      "00:00:00",
      "00:06:35",
      "02:30:54",
      "02:55:57",
      "02:45:53"
    ],
    "mean_DrillTime": [
      "00:00:00",
      "00:00:00",
      "00:02:11",
      "00:08:23",
      "00:08:47",
      "00:08:17"
    ],
    "sum_InstallTime": [
      "00:00:00",
      "00:00:00",
      "00:16:06",
      "05:28:56",
      "05:22:04",
      "04:46:01"
    ],
    "mean_InstallTime": [
      "00:00:00",
      "00:00:00",
      "00:05:22",
      "00:18:16",
      "00:16:06",
      "00:14:18"
    ],
    "sum_DelayTime": [
      "00:00:00",
      "00:00:00",
      "05:47:51",
      "01:05:43",
      "01:18:28",
      "01:41:51"
    ],
    "mean_DelayTime": [
      "00:00:00",
      "00:00:00",
      "02:53:55",
      "00:03:51",
      "00:04:07",
      "00:05:21"
    ],
    "sum_GroutTime": [
      "00:00:00",
      "00:00:00",
      "00:07:42",
      "02:46:19",
      "01:59:40",
      "01:45:27"
    ],
    "mean_GroutTime": [
      "00:00:00",
      "00:00:00",
      "00:07:42",
      "00:09:14",
      "00:05:59",
      "00:05:16"
    ],
    "TurnTime": [
      "00:00:00",
      "00:00:00",
      "06:12:13",
      "07:49:38",
      "08:15:32",
      "08:02:52"
    ],
    "sum_MoveTime": [
      "00:00:00",
      "00:00:00",
      "05:56:07",
      "02:20:42",
      "02:53:28",
      "03:16:51"
    ],
    "mean_MoveTime": [
      "00:00:00",
      "00:00:00",
      "02:58:03",
      "00:08:16",
      "00:09:07",
      "00:10:21"
    ],
    "sum_CycleTime": [
      "00:00:00",
      "00:00:00",
      "06:11:52",
      "07:34:00",
      "08:00:06",
      "07:49:41"
    ],
    "mean_CycleTime": [
      "00:00:00",
      "00:00:00",
      "03:05:56",
      "00:26:42",
      "00:25:16",
      "00:24:43"
    ],
    "sum_PileLength": [
      0,
      0,
      41.010498750000004,
      719.48819006999975,
      798.45800646300006,
      798.72047365499986
    ],
    "mean_PileLength": [
      0,
      0,
      13.670166250000001,
      39.971566114999987,
      39.92290032315,
      39.93602368274999
    ],
    "mean_OverBreak": [
      0,
      0,
      0.39065976471253228,
      1.1941041056853481,
      1.161639985634237,
      1.1635954119775893
    ],
    "sum_GroutVolume": [
      0,
      0,
      5.324,
      99.979745340362129,
      107.93417782678216,
      108.1539135308269
    ],
    "sum_PileVolume": [
      0,
      0,
      4.6413595267223311,
      83.716252306241856,
      92.904807677930137,
      92.9353471224559
    ],
    "PileWaste": [
      0,
      0,
      1.1470776976761679,
      1.1942692438575355,
      1.1617717158508505,
      1.163754339759643
    ],
    "ConcreteDelivered": [
      0,
      0,
      10,
      100,
      110,
      0
    ],
    "LaborHours": [
      0,
      0,
      205.5,
      227.5,
      213,
      0
    ],
    "TurnStartTime": [
      null,
      null,
      "08-Sep-2025 09:34:35",
      "09-Sep-2025 08:11:46",
      "10-Sep-2025 07:40:03",
      "11-Sep-2025 07:46:14"
    ],
    "TurnEndTime": [
      null,
      null,
      "08-Sep-2025 15:46:48",
      "09-Sep-2025 16:01:24",
      "10-Sep-2025 15:55:35",
      "11-Sep-2025 15:49:06"
    ],
    "ShiftStartTime": [
      null,
      null,
      "08-Sep-2025 06:30:00",
      "09-Sep-2025 06:30:00",
      "10-Sep-2025 06:30:00",
      null
    ],
    "ShiftEndTime": [
      null,
      null,
      "08-Sep-2025 18:00:00",
      "09-Sep-2025 17:30:00",
      "10-Sep-2025 17:30:00",
      null
    ],
    "ShiftTime": [
      "00:00:00",
      "00:00:00",
      "11:30:00",
      "11:00:00",
      "11:00:00",
      "00:00:00"
    ],
    "RigWaste": [
      0,
      0,
      2.1545411301205259,
      1.1945111880330079,
      1.1840076175748964,
      0
    ]
  },
  "JobToDateStatistics": {
    "Time": [
      "03-Sep-2025",
      "05-Sep-2025",
      "08-Sep-2025",
      "09-Sep-2025",
      "10-Sep-2025",
      "11-Sep-2025"
    ],
    "RigID": [
      "DR154",
      "DR154",
      "DR154",
      "DR154",
      "DR154",
      "DR154"
    ],
    "Piles": [
      0,
      0,
      3,
      21,
      41,
      61
    ],
    "HoursMoved": [
      "00:00:00",
      "00:00:00",
      "05:56:07",
      "08:16:49",
      "11:10:17",
      "14:27:08"
    ],
    "HoursDrilled": [
      "00:00:00",
      "00:00:00",
      "00:06:35",
      "02:37:29",
      "05:33:26",
      "08:19:19"
    ],
    "HoursGrouted": [
      "00:00:00",
      "00:00:00",
      "00:07:42",
      "02:54:01",
      "04:53:41",
      "06:39:08"
    ],
    "HoursDelayed": [
      "00:00:00",
      "00:00:00",
      "05:47:51",
      "06:53:34",
      "08:12:02",
      "09:53:53"
    ],
    "HoursTurn": [
      "00:00:00",
      "00:00:00",
      "06:12:13",
      "14:01:51",
      "22:17:23",
      "30:20:15"
    ],
    "HoursCycle": [
      "00:00:00",
      "00:00:00",
      "06:11:52",
      "13:45:52",
      "21:45:58",
      "29:35:39"
    ],
    "DaysRigDrilled": [
      0,
      0,
      1,
      2,
      3,
      4
    ],
    "AveragePileLength": [
      null,
      null,
      13.670166250000001,
      36.214223277142843,
      38.023334031292677,
      38.650445392426228
    ],
    "AveragePileWaste": [
      null,
      null,
      1.1470776976761679,
      1.1875275944030546,
      1.1749637512068576,
      1.1712885343389183
    ],
    "AverageRigWaste": [
      null,
      null,
      2.1545411301205259,
      1.3316583226169392,
      1.2596335884500891,
      0.84663896928612548
    ],
    "ConcreteDelivered": [
      0,
      0,
      10,
      110,
      220,
      220
    ],
    "LaborHours": [
      0,
      0,
      205.5,
      433,
      646,
      646
    ]
  }
}